order,name,behavior,original_format,original_url,source_type,source_url,output_file
1,115_domain,domain,mrs,https://raw.githubusercontent.com/MetaCubeX/meta-rules-dat/refs/heads/meta/geo/geosite/115.mrs,metacubex-sing-json,https://raw.githubusercontent.com/MetaCubeX/meta-rules-dat/refs/heads/sing/geo/geosite/115.json,115_domain.srs
2,Amazon_domain,domain,mrs,https://raw.githubusercontent.com/MetaCubeX/meta-rules-dat/refs/heads/meta/geo/geosite/amazon.mrs,metacubex-sing-json,https://raw.githubusercontent.com/MetaCubeX/meta-rules-dat/refs/heads/sing/geo/geosite/amazon.json,amazon_domain.srs
3,Amazon_ip,ipcidr,mrs,https://raw.githubusercontent.com/Lanlan13-14/Rules/refs/heads/main/rules/IP/amazon-ip.mrs,clash-ipcidr-yaml,https://raw.githubusercontent.com/Lanlan13-14/Rules/refs/heads/main/rules/IP/amazon-ip.yaml,amazon_ip.srs
4,Binance_domain,domain,mrs,https://raw.githubusercontent.com/MetaCubeX/meta-rules-dat/refs/heads/meta/geo/geosite/binance.mrs,metacubex-sing-json,https://raw.githubusercontent.com/MetaCubeX/meta-rules-dat/refs/heads/sing/geo/geosite/binance.json,binance_domain.srs
5,Blizzard_domain,domain,mrs,https://raw.githubusercontent.com/MetaCubeX/meta-rules-dat/refs/heads/meta/geo/geosite/blizzard.mrs,metacubex-sing-json,https://raw.githubusercontent.com/MetaCubeX/meta-rules-dat/refs/heads/sing/geo/geosite/blizzard.json,blizzard_domain.srs
6,Bybit_domain,domain,mrs,https://raw.githubusercontent.com/MetaCubeX/meta-rules-dat/refs/heads/meta/geo/geosite/bybit.mrs,metacubex-sing-json,https://raw.githubusercontent.com/MetaCubeX/meta-rules-dat/refs/heads/sing/geo/geosite/bybit.json,bybit_domain.srs
7,Cloudflare_domain,domain,mrs,https://raw.githubusercontent.com/MetaCubeX/meta-rules-dat/refs/heads/meta/geo/geosite/cloudflare.mrs,metacubex-sing-json,https://raw.githubusercontent.com/MetaCubeX/meta-rules-dat/refs/heads/sing/geo/geosite/cloudflare.json,cloudflare_domain.srs
8,EA_domain,domain,mrs,https://raw.githubusercontent.com/MetaCubeX/meta-rules-dat/refs/heads/meta/geo/geosite/ea.mrs,metacubex-sing-json,https://raw.githubusercontent.com/MetaCubeX/meta-rules-dat/refs/heads/sing/geo/geosite/ea.json,ea_domain.srs
9,Epic_domain,domain,mrs,https://raw.githubusercontent.com/MetaCubeX/meta-rules-dat/refs/heads/meta/geo/geosite/epicgames.mrs,metacubex-sing-json,https://raw.githubusercontent.com/MetaCubeX/meta-rules-dat/refs/heads/sing/geo/geosite/epicgames.json,epic_domain.srs
10,NetEaseMusic_domain,domain,mrs,https://raw.githubusercontent.com/Lanlan13-14/Rules/refs/heads/main/rules/Domain/NetEaseMusic-domain.mrs,clash-domain-yaml,https://raw.githubusercontent.com/Lanlan13-14/Rules/refs/heads/main/rules/Domain/NetEaseMusic-domain.yaml,neteasemusic_domain.srs
11,NetEaseMusic_ip,ipcidr,mrs,https://raw.githubusercontent.com/Lanlan13-14/Rules/refs/heads/main/rules/IP/NetEaseMusic-ip.mrs,clash-ipcidr-yaml,https://raw.githubusercontent.com/Lanlan13-14/Rules/refs/heads/main/rules/IP/NetEaseMusic-ip.yaml,neteasemusic_ip.srs
12,Nintendo_domain,domain,mrs,https://raw.githubusercontent.com/MetaCubeX/meta-rules-dat/refs/heads/meta/geo/geosite/nintendo.mrs,metacubex-sing-json,https://raw.githubusercontent.com/MetaCubeX/meta-rules-dat/refs/heads/sing/geo/geosite/nintendo.json,nintendo_domain.srs
13,OKX_domain,domain,mrs,https://raw.githubusercontent.com/MetaCubeX/meta-rules-dat/refs/heads/meta/geo/geosite/okx.mrs,metacubex-sing-json,https://raw.githubusercontent.com/MetaCubeX/meta-rules-dat/refs/heads/sing/geo/geosite/okx.json,okx_domain.srs
14,Shopee_domain,domain,mrs,https://raw.githubusercontent.com/MetaCubeX/meta-rules-dat/refs/heads/meta/geo/geosite/shopee.mrs,metacubex-sing-json,https://raw.githubusercontent.com/MetaCubeX/meta-rules-dat/refs/heads/sing/geo/geosite/shopee.json,shopee_domain.srs
15,Shopify_domain,domain,mrs,https://raw.githubusercontent.com/MetaCubeX/meta-rules-dat/refs/heads/meta/geo/geosite/shopify.mrs,metacubex-sing-json,https://raw.githubusercontent.com/MetaCubeX/meta-rules-dat/refs/heads/sing/geo/geosite/shopify.json,shopify_domain.srs
16,Sony_domain,domain,mrs,https://raw.githubusercontent.com/MetaCubeX/meta-rules-dat/refs/heads/meta/geo/geosite/sony.mrs,metacubex-sing-json,https://raw.githubusercontent.com/MetaCubeX/meta-rules-dat/refs/heads/sing/geo/geosite/sony.json,sony_domain.srs
17,TVB_domain,domain,mrs,https://raw.githubusercontent.com/Lanlan13-14/Rules/refs/heads/main/rules/Domain/tvb.mrs,clash-domain-yaml,https://raw.githubusercontent.com/Lanlan13-14/Rules/refs/heads/main/rules/Domain/tvb.yaml,tvb_domain.srs
18,UBI_domain,domain,mrs,https://raw.githubusercontent.com/Lanlan13-14/Rules/refs/heads/main/rules/Domain/ubi.mrs,clash-domain-yaml,https://raw.githubusercontent.com/Lanlan13-14/Rules/refs/heads/main/rules/Domain/ubi.yaml,ubi_domain.srs
19,Wise_domain,domain,mrs,https://raw.githubusercontent.com/MetaCubeX/meta-rules-dat/refs/heads/meta/geo/geosite/wise.mrs,metacubex-sing-json,https://raw.githubusercontent.com/MetaCubeX/meta-rules-dat/refs/heads/sing/geo/geosite/wise.json,wise_domain.srs
20,ai!cn_domain,domain,mrs,https://github.com/MetaCubeX/meta-rules-dat/raw/refs/heads/meta/geo/geosite/category-ai-!cn.mrs,metacubex-sing-json,https://raw.githubusercontent.com/MetaCubeX/meta-rules-dat/refs/heads/sing/geo/geosite/category-ai-!cn.json,ai-not-cn_domain.srs
21,ai_cn_domain,domain,mrs,https://raw.githubusercontent.com/MetaCubeX/meta-rules-dat/refs/heads/meta/geo/geosite/category-ai-cn.mrs,metacubex-sing-json,https://raw.githubusercontent.com/MetaCubeX/meta-rules-dat/refs/heads/sing/geo/geosite/category-ai-cn.json,ai_cn_domain.srs
22,ai_domain,domain,mrs,https://raw.githubusercontent.com/Lanlan13-14/Rules/refs/heads/main/rules/Domain/ai.mrs,clash-domain-yaml,https://raw.githubusercontent.com/Lanlan13-14/Rules/refs/heads/main/rules/Domain/ai.yaml,ai_domain.srs
23,alibaba_domain,domain,mrs,https://raw.githubusercontent.com/MetaCubeX/meta-rules-dat/refs/heads/meta/geo/geosite/alibaba.mrs,metacubex-sing-json,https://raw.githubusercontent.com/MetaCubeX/meta-rules-dat/refs/heads/sing/geo/geosite/alibaba.json,alibaba_domain.srs
24,aliyun_domain,domain,mrs,https://raw.githubusercontent.com/MetaCubeX/meta-rules-dat/refs/heads/meta/geo/geosite/aliyun.mrs,metacubex-sing-json,https://raw.githubusercontent.com/MetaCubeX/meta-rules-dat/refs/heads/sing/geo/geosite/aliyun.json,aliyun_domain.srs
25,anthropic_domain,domain,mrs,https://github.com/MetaCubeX/meta-rules-dat/raw/refs/heads/meta/geo/geosite/anthropic.mrs,metacubex-sing-json,https://raw.githubusercontent.com/MetaCubeX/meta-rules-dat/refs/heads/sing/geo/geosite/anthropic.json,anthropic_domain.srs
26,appleTV_domain,domain,mrs,https://raw.githubusercontent.com/Lanlan13-14/Rules/refs/heads/main/rules/Domain/appletv.mrs,clash-domain-yaml,https://raw.githubusercontent.com/Lanlan13-14/Rules/refs/heads/main/rules/Domain/appletv.yaml,appletv_domain.srs
27,apple_cn_domain,domain,mrs,https://raw.githubusercontent.com/MetaCubeX/meta-rules-dat/refs/heads/meta/geo/geosite/apple%40cn.mrs,metacubex-sing-json,https://raw.githubusercontent.com/MetaCubeX/meta-rules-dat/refs/heads/sing/geo/geosite/apple%40cn.json,apple_cn_domain.srs
28,apple_domain,domain,mrs,https://raw.githubusercontent.com/MetaCubeX/meta-rules-dat/meta/geo/geosite/apple.mrs,metacubex-sing-json,https://raw.githubusercontent.com/MetaCubeX/meta-rules-dat/refs/heads/sing/geo/geosite/apple.json,apple_domain.srs
29,apple_firmware_domain,domain,mrs,https://raw.githubusercontent.com/Lanlan13-14/Rules/refs/heads/main/rules/Domain/applefirmware.mrs,clash-domain-yaml,https://raw.githubusercontent.com/Lanlan13-14/Rules/refs/heads/main/rules/Domain/applefirmware.yaml,apple_firmware_domain.srs
30,bahamut_domain,domain,mrs,https://raw.githubusercontent.com/MetaCubeX/meta-rules-dat/refs/heads/meta/geo/geosite/bahamut.mrs,metacubex-sing-json,https://raw.githubusercontent.com/MetaCubeX/meta-rules-dat/refs/heads/sing/geo/geosite/bahamut.json,bahamut_domain.srs
31,banAd_domain,domain,mrs,https://raw.githubusercontent.com/Lanlan13-14/Rules/refs/heads/main/rules/Domain/banAd.mrs,clash-domain-yaml,https://raw.githubusercontent.com/Lanlan13-14/Rules/refs/heads/main/rules/Domain/banAd.yaml,banad_domain.srs
32,bank_cn_domain,domain,mrs,https://raw.githubusercontent.com/MetaCubeX/meta-rules-dat/refs/heads/meta/geo/geosite/category-bank-cn.mrs,metacubex-sing-json,https://raw.githubusercontent.com/MetaCubeX/meta-rules-dat/refs/heads/sing/geo/geosite/category-bank-cn.json,bank_cn_domain.srs
33,bilibili_domain,domain,mrs,https://raw.githubusercontent.com/MetaCubeX/meta-rules-dat/refs/heads/meta/geo/geosite/bilibili.mrs,metacubex-sing-json,https://raw.githubusercontent.com/MetaCubeX/meta-rules-dat/refs/heads/sing/geo/geosite/bilibili.json,bilibili_domain.srs
34,bilibili_ip,ipcidr,mrs,https://raw.githubusercontent.com/MetaCubeX/meta-rules-dat/refs/heads/meta/geo-lite/geoip/bilibili.mrs,metacubex-sing-json,https://raw.githubusercontent.com/MetaCubeX/meta-rules-dat/refs/heads/sing/geo-lite/geoip/bilibili.json,bilibili_ip.srs
35,biliintl_domain,domain,mrs,https://raw.githubusercontent.com/MetaCubeX/meta-rules-dat/refs/heads/meta/geo/geosite/bilibili%40!cn.mrs,metacubex-sing-json,https://raw.githubusercontent.com/MetaCubeX/meta-rules-dat/refs/heads/sing/geo/geosite/bilibili%40!cn.json,biliintl_domain.srs
36,cn_domain,domain,mrs,https://raw.githubusercontent.com/MetaCubeX/meta-rules-dat/meta/geo/geosite/cn.mrs,metacubex-sing-json,https://raw.githubusercontent.com/MetaCubeX/meta-rules-dat/refs/heads/sing/geo/geosite/cn.json,cn_domain.srs
37,cn_ip,ipcidr,mrs,https://raw.githubusercontent.com/MetaCubeX/meta-rules-dat/meta/geo/geoip/cn.mrs,metacubex-sing-json,https://raw.githubusercontent.com/MetaCubeX/meta-rules-dat/refs/heads/sing/geo/geoip/cn.json,cn_ip.srs
38,crypto_domain,domain,mrs,https://raw.githubusercontent.com/MetaCubeX/meta-rules-dat/refs/heads/meta/geo/geosite/category-cryptocurrency.mrs,metacubex-sing-json,https://raw.githubusercontent.com/MetaCubeX/meta-rules-dat/refs/heads/sing/geo/geosite/category-cryptocurrency.json,crypto_domain.srs
39,direct_domain,domain,mrs,https://raw.githubusercontent.com/Lanlan13-14/Rules/refs/heads/main/rules/Domain/direct.mrs,clash-domain-yaml,https://raw.githubusercontent.com/Lanlan13-14/Rules/refs/heads/main/rules/Domain/direct.yaml,direct_domain.srs
40,discord_asn,ipcidr,mrs,https://raw.githubusercontent.com/Lanlan13-14/Rules/refs/heads/main/rules/IP/AS49544.mrs,clash-ipcidr-yaml,https://raw.githubusercontent.com/Lanlan13-14/Rules/refs/heads/main/rules/IP/AS49544.yaml,discord_asn.srs
41,discord_domain,domain,mrs,https://raw.githubusercontent.com/MetaCubeX/meta-rules-dat/refs/heads/meta/geo/geosite/discord.mrs,metacubex-sing-json,https://raw.githubusercontent.com/MetaCubeX/meta-rules-dat/refs/heads/sing/geo/geosite/discord.json,discord_domain.srs
42,disney_domain,domain,mrs,https://raw.githubusercontent.com/MetaCubeX/meta-rules-dat/refs/heads/meta/geo/geosite/disney.mrs,metacubex-sing-json,https://raw.githubusercontent.com/MetaCubeX/meta-rules-dat/refs/heads/sing/geo/geosite/disney.json,disney_domain.srs
43,ebay_domain,domain,mrs,https://raw.githubusercontent.com/MetaCubeX/meta-rules-dat/refs/heads/meta/geo/geosite/ebay.mrs,metacubex-sing-json,https://raw.githubusercontent.com/MetaCubeX/meta-rules-dat/refs/heads/sing/geo/geosite/ebay.json,ebay_domain.srs
44,emby_domain,domain,mrs,https://raw.githubusercontent.com/Lanlan13-14/Rules/refs/heads/main/rules/Domain/emby.mrs,clash-domain-yaml,https://raw.githubusercontent.com/Lanlan13-14/Rules/refs/heads/main/rules/Domain/emby.yaml,emby_domain.srs
45,emby_ip,ipcidr,mrs,https://raw.githubusercontent.com/Lanlan13-14/Rules/refs/heads/main/rules/IP/emby-ip.mrs,clash-ipcidr-yaml,https://raw.githubusercontent.com/Lanlan13-14/Rules/refs/heads/main/rules/IP/emby-ip.yaml,emby_ip.srs
46,facebook_domain,domain,mrs,https://raw.githubusercontent.com/MetaCubeX/meta-rules-dat/refs/heads/meta/geo/geosite/facebook.mrs,metacubex-sing-json,https://raw.githubusercontent.com/MetaCubeX/meta-rules-dat/refs/heads/sing/geo/geosite/facebook.json,facebook_domain.srs
47,facebook_ip,ipcidr,mrs,https://raw.githubusercontent.com/MetaCubeX/meta-rules-dat/refs/heads/meta/geo/geoip/facebook.mrs,metacubex-sing-json,https://raw.githubusercontent.com/MetaCubeX/meta-rules-dat/refs/heads/sing/geo/geoip/facebook.json,facebook_ip.srs
48,fakeip_fitter_domain,domain,mrs,https://raw.githubusercontent.com/Lanlan13-14/Rules/refs/heads/main/rules/Domain/fakeip-filter.mrs,clash-domain-yaml,https://raw.githubusercontent.com/Lanlan13-14/Rules/refs/heads/main/rules/Domain/fakeip-filter.yaml,fakeip_fitter_domain.srs
49,fcm_domain,domain,mrs,https://raw.githubusercontent.com/MetaCubeX/meta-rules-dat/refs/heads/meta/geo/geosite/googlefcm.mrs,metacubex-sing-json,https://raw.githubusercontent.com/MetaCubeX/meta-rules-dat/refs/heads/sing/geo/geosite/googlefcm.json,fcm_domain.srs
50,game_cn_domain,domain,mrs,https://raw.githubusercontent.com/MetaCubeX/meta-rules-dat/refs/heads/meta/geo/geosite/category-games%40cn.mrs,metacubex-sing-json,https://raw.githubusercontent.com/MetaCubeX/meta-rules-dat/refs/heads/sing/geo/geosite/category-games%40cn.json,game_cn_domain.srs
51,geolocation-!cn,domain,mrs,https://raw.githubusercontent.com/MetaCubeX/meta-rules-dat/meta/geo/geosite/geolocation-!cn.mrs,metacubex-sing-json,https://raw.githubusercontent.com/MetaCubeX/meta-rules-dat/refs/heads/sing/geo/geosite/geolocation-!cn.json,geolocation-not-cn.srs
52,gfw_domain,domain,mrs,https://raw.githubusercontent.com/MetaCubeX/meta-rules-dat/meta/geo/geosite/gfw.mrs,metacubex-sing-json,https://raw.githubusercontent.com/MetaCubeX/meta-rules-dat/refs/heads/sing/geo/geosite/gfw.json,gfw_domain.srs
53,gitbook_domain,domain,mrs,https://raw.githubusercontent.com/MetaCubeX/meta-rules-dat/refs/heads/meta/geo/geosite/gitbook.mrs,metacubex-sing-json,https://raw.githubusercontent.com/MetaCubeX/meta-rules-dat/refs/heads/sing/geo/geosite/gitbook.json,gitbook_domain.srs
54,github_domain,domain,mrs,https://raw.githubusercontent.com/MetaCubeX/meta-rules-dat/meta/geo/geosite/github.mrs,metacubex-sing-json,https://raw.githubusercontent.com/MetaCubeX/meta-rules-dat/refs/heads/sing/geo/geosite/github.json,github_domain.srs
55,google_asn_cn,ipcidr,mrs,https://raw.githubusercontent.com/Lanlan13-14/Rules/refs/heads/main/rules/IP/AS24424.mrs,clash-ipcidr-yaml,https://raw.githubusercontent.com/Lanlan13-14/Rules/refs/heads/main/rules/IP/AS24424.yaml,google_asn_cn.srs
56,google_domain,domain,mrs,https://raw.githubusercontent.com/Lanlan13-14/Rules/refs/heads/main/rules/Domain/google.mrs,clash-domain-yaml,https://raw.githubusercontent.com/Lanlan13-14/Rules/refs/heads/main/rules/Domain/google.yaml,google_domain.srs
57,google_ip,ipcidr,mrs,https://raw.githubusercontent.com/MetaCubeX/meta-rules-dat/meta/geo/geoip/google.mrs,metacubex-sing-json,https://raw.githubusercontent.com/MetaCubeX/meta-rules-dat/refs/heads/sing/geo/geoip/google.json,google_ip.srs
58,hbo_domain,domain,mrs,https://raw.githubusercontent.com/MetaCubeX/meta-rules-dat/refs/heads/meta/geo/geosite/hbo.mrs,metacubex-sing-json,https://raw.githubusercontent.com/MetaCubeX/meta-rules-dat/refs/heads/sing/geo/geosite/hbo.json,hbo_domain.srs
59,ifast_domain,domain,mrs,https://raw.githubusercontent.com/MetaCubeX/meta-rules-dat/refs/heads/meta/geo/geosite/ifast.mrs,metacubex-sing-json,https://raw.githubusercontent.com/MetaCubeX/meta-rules-dat/refs/heads/sing/geo/geosite/ifast.json,ifast_domain.srs
60,instagram_domain,domain,mrs,https://raw.githubusercontent.com/MetaCubeX/meta-rules-dat/refs/heads/meta/geo/geosite/instagram.mrs,metacubex-sing-json,https://raw.githubusercontent.com/MetaCubeX/meta-rules-dat/refs/heads/sing/geo/geosite/instagram.json,instagram_domain.srs
61,iptv_domain,domain,mrs,https://raw.githubusercontent.com/Lanlan13-14/Rules/refs/heads/main/rules/Domain/iptv.mrs,clash-domain-yaml,https://raw.githubusercontent.com/Lanlan13-14/Rules/refs/heads/main/rules/Domain/iptv.yaml,iptv_domain.srs
62,line_domain,domain,mrs,https://raw.githubusercontent.com/MetaCubeX/meta-rules-dat/refs/heads/meta/geo/geosite/line.mrs,metacubex-sing-json,https://raw.githubusercontent.com/MetaCubeX/meta-rules-dat/refs/heads/sing/geo/geosite/line.json,line_domain.srs
63,media!cn_domain,domain,mrs,https://raw.githubusercontent.com/MetaCubeX/meta-rules-dat/refs/heads/meta/geo/geosite/category-social-media-!cn.mrs,metacubex-sing-json,https://raw.githubusercontent.com/MetaCubeX/meta-rules-dat/refs/heads/sing/geo/geosite/category-social-media-!cn.json,media-not-cn_domain.srs
64,media_cn_domain,domain,mrs,https://raw.githubusercontent.com/MetaCubeX/meta-rules-dat/refs/heads/meta/geo/geosite/category-media-cn.mrs,metacubex-sing-json,https://raw.githubusercontent.com/MetaCubeX/meta-rules-dat/refs/heads/sing/geo/geosite/category-media-cn.json,media_cn_domain.srs
65,meta_domain,domain,mrs,https://raw.githubusercontent.com/MetaCubeX/meta-rules-dat/refs/heads/meta/geo/geosite/meta.mrs,metacubex-sing-json,https://raw.githubusercontent.com/MetaCubeX/meta-rules-dat/refs/heads/sing/geo/geosite/meta.json,meta_domain.srs
66,microsoft_domain,domain,mrs,https://raw.githubusercontent.com/MetaCubeX/meta-rules-dat/meta/geo/geosite/microsoft.mrs,metacubex-sing-json,https://raw.githubusercontent.com/MetaCubeX/meta-rules-dat/refs/heads/sing/geo/geosite/microsoft.json,microsoft_domain.srs
67,netflix_domain,domain,mrs,https://raw.githubusercontent.com/MetaCubeX/meta-rules-dat/meta/geo/geosite/netflix.mrs,metacubex-sing-json,https://raw.githubusercontent.com/MetaCubeX/meta-rules-dat/refs/heads/sing/geo/geosite/netflix.json,netflix_domain.srs
68,netflix_ip,ipcidr,mrs,https://raw.githubusercontent.com/MetaCubeX/meta-rules-dat/meta/geo/geoip/netflix.mrs,metacubex-sing-json,https://raw.githubusercontent.com/MetaCubeX/meta-rules-dat/refs/heads/sing/geo/geoip/netflix.json,netflix_ip.srs
69,onedrive_domain,domain,mrs,https://raw.githubusercontent.com/MetaCubeX/meta-rules-dat/meta/geo/geosite/onedrive.mrs,metacubex-sing-json,https://raw.githubusercontent.com/MetaCubeX/meta-rules-dat/refs/heads/sing/geo/geosite/onedrive.json,onedrive_domain.srs
70,openai_domain,domain,mrs,https://raw.githubusercontent.com/MetaCubeX/meta-rules-dat/refs/heads/meta/geo/geosite/openai.mrs,metacubex-sing-json,https://raw.githubusercontent.com/MetaCubeX/meta-rules-dat/refs/heads/sing/geo/geosite/openai.json,openai_domain.srs
71,paypal_domain,domain,mrs,https://raw.githubusercontent.com/MetaCubeX/meta-rules-dat/meta/geo/geosite/paypal.mrs,metacubex-sing-json,https://raw.githubusercontent.com/MetaCubeX/meta-rules-dat/refs/heads/sing/geo/geosite/paypal.json,paypal_domain.srs
72,porn_domain,domain,mrs,https://raw.githubusercontent.com/MetaCubeX/meta-rules-dat/refs/heads/meta/geo/geosite/category-porn.mrs,metacubex-sing-json,https://raw.githubusercontent.com/MetaCubeX/meta-rules-dat/refs/heads/sing/geo/geosite/category-porn.json,porn_domain.srs
73,primevideo_domain,domain,mrs,https://raw.githubusercontent.com/MetaCubeX/meta-rules-dat/refs/heads/meta/geo/geosite/primevideo.mrs,metacubex-sing-json,https://raw.githubusercontent.com/MetaCubeX/meta-rules-dat/refs/heads/sing/geo/geosite/primevideo.json,primevideo_domain.srs
74,private_domain,domain,mrs,https://raw.githubusercontent.com/MetaCubeX/meta-rules-dat/meta/geo/geosite/private.mrs,metacubex-sing-json,https://raw.githubusercontent.com/MetaCubeX/meta-rules-dat/refs/heads/sing/geo/geosite/private.json,private_domain.srs
75,private_ip,ipcidr,mrs,https://raw.githubusercontent.com/MetaCubeX/meta-rules-dat/refs/heads/meta/geo/geoip/private.mrs,metacubex-sing-json,https://raw.githubusercontent.com/MetaCubeX/meta-rules-dat/refs/heads/sing/geo/geoip/private.json,private_ip.srs
76,proxy_domain,domain,mrs,https://raw.githubusercontent.com/Lanlan13-14/Rules/refs/heads/main/rules/Domain/proxy.mrs,clash-domain-yaml,https://raw.githubusercontent.com/Lanlan13-14/Rules/refs/heads/main/rules/Domain/proxy.yaml,proxy_domain.srs
77,proxylite,classical,text,https://raw.githubusercontent.com/sev7enshare/Clash-Config/refs/heads/main/list/proxy.list,clash-classical-text,https://raw.githubusercontent.com/sev7enshare/Clash-Config/refs/heads/main/list/proxy.list,proxylite.srs
78,pt_cn_domain,domain,mrs,https://raw.githubusercontent.com/MetaCubeX/meta-rules-dat/refs/heads/meta/geo/geosite/category-pt.mrs,metacubex-sing-json,https://raw.githubusercontent.com/MetaCubeX/meta-rules-dat/refs/heads/sing/geo/geosite/category-pt.json,pt_cn_domain.srs
79,public-tracker_domain,domain,mrs,https://raw.githubusercontent.com/MetaCubeX/meta-rules-dat/refs/heads/meta/geo/geosite/category-public-tracker.mrs,metacubex-sing-json,https://raw.githubusercontent.com/MetaCubeX/meta-rules-dat/refs/heads/sing/geo/geosite/category-public-tracker.json,public-tracker_domain.srs
80,signal_domain,domain,mrs,https://raw.githubusercontent.com/MetaCubeX/meta-rules-dat/refs/heads/meta/geo/geosite/signal.mrs,metacubex-sing-json,https://raw.githubusercontent.com/MetaCubeX/meta-rules-dat/refs/heads/sing/geo/geosite/signal.json,signal_domain.srs
81,speedtest_domain,domain,mrs,https://raw.githubusercontent.com/MetaCubeX/meta-rules-dat/meta/geo/geosite/ookla-speedtest.mrs,metacubex-sing-json,https://raw.githubusercontent.com/MetaCubeX/meta-rules-dat/refs/heads/sing/geo/geosite/ookla-speedtest.json,speedtest_domain.srs
82,spotify_domain,domain,mrs,https://raw.githubusercontent.com/MetaCubeX/meta-rules-dat/refs/heads/meta/geo/geosite/spotify.mrs,metacubex-sing-json,https://raw.githubusercontent.com/MetaCubeX/meta-rules-dat/refs/heads/sing/geo/geosite/spotify.json,spotify_domain.srs
83,steam_cn_domain,domain,mrs,https://raw.githubusercontent.com/MetaCubeX/meta-rules-dat/refs/heads/meta/geo/geosite/steam%40cn.mrs,metacubex-sing-json,https://raw.githubusercontent.com/MetaCubeX/meta-rules-dat/refs/heads/sing/geo/geosite/steam%40cn.json,steam_cn_domain.srs
84,steam_domain,domain,mrs,https://raw.githubusercontent.com/MetaCubeX/meta-rules-dat/refs/heads/meta/geo/geosite/steam.mrs,metacubex-sing-json,https://raw.githubusercontent.com/MetaCubeX/meta-rules-dat/refs/heads/sing/geo/geosite/steam.json,steam_domain.srs
85,steamcdn_domain,domain,mrs,https://raw.githubusercontent.com/Lanlan13-14/Rules/refs/heads/main/rules/Domain/Steam-domain.mrs,clash-domain-yaml,https://raw.githubusercontent.com/Lanlan13-14/Rules/refs/heads/main/rules/Domain/Steam-domain.yaml,steamcdn_domain.srs
86,steamcdn_ip,ipcidr,mrs,https://raw.githubusercontent.com/Lanlan13-14/Rules/refs/heads/main/rules/IP/steamCDN-ip.mrs,clash-ipcidr-yaml,https://raw.githubusercontent.com/Lanlan13-14/Rules/refs/heads/main/rules/IP/steamCDN-ip.yaml,steamcdn_ip.srs
87,talkatone_domain,domain,mrs,https://raw.githubusercontent.com/Lanlan13-14/Rules/refs/heads/main/rules/Domain/Talkatone-domain.mrs,clash-domain-yaml,https://raw.githubusercontent.com/Lanlan13-14/Rules/refs/heads/main/rules/Domain/Talkatone-domain.yaml,talkatone_domain.srs
88,talkatone_ip,ipcidr,mrs,https://raw.githubusercontent.com/Lanlan13-14/Rules/refs/heads/main/rules/IP/Talkatone-ip.mrs,clash-ipcidr-yaml,https://raw.githubusercontent.com/Lanlan13-14/Rules/refs/heads/main/rules/IP/Talkatone-ip.yaml,talkatone_ip.srs
89,telegram_domain,domain,mrs,https://raw.githubusercontent.com/MetaCubeX/meta-rules-dat/meta/geo/geosite/telegram.mrs,metacubex-sing-json,https://raw.githubusercontent.com/MetaCubeX/meta-rules-dat/refs/heads/sing/geo/geosite/telegram.json,telegram_domain.srs
90,telegram_ip,ipcidr,mrs,https://raw.githubusercontent.com/MetaCubeX/meta-rules-dat/meta/geo/geoip/telegram.mrs,metacubex-sing-json,https://raw.githubusercontent.com/MetaCubeX/meta-rules-dat/refs/heads/sing/geo/geoip/telegram.json,telegram_ip.srs
91,threads_domain,domain,mrs,https://raw.githubusercontent.com/MetaCubeX/meta-rules-dat/refs/heads/meta/geo/geosite/threads.mrs,metacubex-sing-json,https://raw.githubusercontent.com/MetaCubeX/meta-rules-dat/refs/heads/sing/geo/geosite/threads.json,threads_domain.srs
92,tiktok_domain,domain,mrs,https://raw.githubusercontent.com/MetaCubeX/meta-rules-dat/meta/geo/geosite/tiktok.mrs,metacubex-sing-json,https://raw.githubusercontent.com/MetaCubeX/meta-rules-dat/refs/heads/sing/geo/geosite/tiktok.json,tiktok_domain.srs
93,twitch_domain,domain,mrs,https://raw.githubusercontent.com/MetaCubeX/meta-rules-dat/refs/heads/meta/geo/geosite/twitch.mrs,metacubex-sing-json,https://raw.githubusercontent.com/MetaCubeX/meta-rules-dat/refs/heads/sing/geo/geosite/twitch.json,twitch_domain.srs
94,twitter_ip,ipcidr,mrs,https://raw.githubusercontent.com/MetaCubeX/meta-rules-dat/refs/heads/meta/geo/geoip/twitter.mrs,metacubex-sing-json,https://raw.githubusercontent.com/MetaCubeX/meta-rules-dat/refs/heads/sing/geo/geoip/twitter.json,twitter_ip.srs
95,wechat_asn,ipcidr,mrs,https://raw.githubusercontent.com/Lanlan13-14/Rules/refs/heads/main/rules/IP/AS132203.mrs,clash-ipcidr-yaml,https://raw.githubusercontent.com/Lanlan13-14/Rules/refs/heads/main/rules/IP/AS132203.yaml,wechat_asn.srs
96,wechat_domain,domain,mrs,https://raw.githubusercontent.com/Lanlan13-14/Rules/refs/heads/main/rules/Domain/WeChat.mrs,clash-domain-yaml,https://raw.githubusercontent.com/Lanlan13-14/Rules/refs/heads/main/rules/Domain/WeChat.yaml,wechat_domain.srs
97,whatsapp_domain,domain,mrs,https://raw.githubusercontent.com/MetaCubeX/meta-rules-dat/refs/heads/meta/geo/geosite/whatsapp.mrs,metacubex-sing-json,https://raw.githubusercontent.com/MetaCubeX/meta-rules-dat/refs/heads/sing/geo/geosite/whatsapp.json,whatsapp_domain.srs
98,xiaomi_domain,domain,mrs,https://raw.githubusercontent.com/MetaCubeX/meta-rules-dat/refs/heads/meta/geo/geosite/xiaomi.mrs,metacubex-sing-json,https://raw.githubusercontent.com/MetaCubeX/meta-rules-dat/refs/heads/sing/geo/geosite/xiaomi.json,xiaomi_domain.srs
99,youtube_domain,domain,mrs,https://raw.githubusercontent.com/MetaCubeX/meta-rules-dat/meta/geo/geosite/youtube.mrs,metacubex-sing-json,https://raw.githubusercontent.com/MetaCubeX/meta-rules-dat/refs/heads/sing/geo/geosite/youtube.json,youtube_domain.srs
